AvgVelocity,Mass,PressureDrop,Surface Area,Velocity Inlet,X Cell Size,YZ Cell Size
523.9490552,147.2394083,6818.983831,32002.35894,2650.0,11.875,11.875
571.0486881,147.2394083,8060.871949,32002.35894,2883.333333,11.875,11.875
617.3302927,147.2394083,9471.619034,32002.35894,3116.666667,11.875,11.875
662.7219277,147.2394083,10829.55885,32002.35894,3350.0,11.875,11.875
570.7660201,139.4243879,8157.213989,28561.53439,2650.0,11.875,15.625
619.3225933,139.4243879,9653.947625,28561.53439,2883.333333,11.875,15.625
668.7298058,139.4243879,11196.56891,28561.53439,3116.666667,11.875,15.625
719.4061686,139.4243879,12920.36487,28561.53439,3350.0,11.875,15.625
595.7663576,133.1029127,9070.119889,26738.74182,2650.0,11.875,19.375
646.6342636,133.1029127,10551.95787,26738.74182,2883.333333,11.875,19.375
702.1398907,133.1029127,12421.19681,26738.74182,3116.666667,11.875,19.375
754.2946393,133.1029127,14258.8206,26738.74182,3350.0,11.875,19.375
552.2144643,129.622316,5713.045884,26932.68398,2650.0,11.875,23.125
600.5880591,129.622316,6769.336909,26932.68398,2883.333333,11.875,23.125
649.566687,129.622316,7963.364972,26932.68398,3116.666667,11.875,23.125
695.1826096,129.622316,9094.894784,26932.68398,3350.0,11.875,23.125
485.8337602,143.1008568,5221.965407,30656.5132,2650.0,15.625,11.875
528.0815068,143.1008568,6207.412819,30656.5132,2883.333333,15.625,11.875
572.6229883,143.1008568,7330.503926,30656.5132,3116.666667,15.625,11.875
614.2544173,143.1008568,8389.597112,30656.5132,3350.0,15.625,11.875
527.3986401,136.0601306,6252.723939,26841.92317,2650.0,15.625,15.625
570.8029619,136.0601306,7305.233462,26841.92317,2883.333333,15.625,15.625
620.6904619,136.0601306,8534.039199,26841.92317,3116.666667,15.625,15.625
660.6850128,136.0601306,9738.505325,26841.92317,3350.0,15.625,15.625
552.5668837,130.3578131,6245.436975,24661.80699,2650.0,15.625,19.375
608.0082209,130.3578131,7299.381608,24661.80699,2883.333333,15.625,19.375
655.6532703,130.3578131,8374.113398,24661.80699,3116.666667,15.625,19.375
703.9627766,130.3578131,9876.299848,24661.80699,3350.0,15.625,19.375
567.2842297,126.431401,7087.432894,24588.49589,2650.0,15.625,23.125
615.6112696,126.431401,8444.079427,24588.49589,2883.333333,15.625,23.125
668.1604264,126.431401,9807.42961,24588.49589,3116.666667,15.625,23.125
714.3636075,126.431401,11208.00154,24588.49589,3350.0,15.625,23.125
470.9449668,140.0464063,4745.464921,29986.4506,2650.0,19.375,11.875
514.2937256,140.0464063,5664.918649,29986.4506,2883.333333,19.375,11.875
552.5549003,140.0464063,6483.683477,29986.4506,3116.666667,19.375,11.875
594.2652602,140.0464063,7562.06215,29986.4506,3350.0,19.375,11.875
493.8927865,132.8528345,5095.442592,26015.16689,2650.0,19.375,15.625
535.265852,132.8528345,5939.17617,26015.16689,2883.333333,19.375,15.625
578.8141004,132.8528345,7000.935207,26015.16689,3116.666667,19.375,15.625
617.2536005,132.8528345,8037.92755,26015.16689,3350.0,19.375,15.625
520.3505512,127.3026784,4629.432894,23609.33174,2650.0,19.375,19.375
562.1483242,127.3026784,5396.789859,23609.33174,2883.333333,19.375,19.375
611.7662848,127.3026784,6301.062558,23609.33174,3116.666667,19.375,19.375
651.8974675,127.3026784,7258.553094,23609.33174,3350.0,19.375,19.375
520.0986426,123.9123886,4717.700773,23243.80331,2650.0,19.375,23.125
566.2086443,123.9123886,5627.9787,23243.80331,2883.333333,19.375,23.125
611.9350664,123.9123886,6531.301617,23243.80331,3116.666667,19.375,23.125
661.55416,123.9123886,7552.84581,23243.80331,3350.0,19.375,23.125
458.1708188,137.4425751,4467.92512,29588.73449,2650.0,23.125,11.875
497.5336488,137.4425751,5258.195896,29588.73449,2883.333333,23.125,11.875
536.2289888,137.4425751,6061.157261,29588.73449,3116.666667,23.125,11.875
579.1183948,137.4425751,7096.643326,29588.73449,3350.0,23.125,11.875
477.3416882,130.8661341,4735.42823,25334.8082,2650.0,23.125,15.625
517.9190333,130.8661341,5642.588697,25334.8082,2883.333333,23.125,15.625
556.5333776,130.8661341,6470.646902,25334.8082,3116.666667,23.125,15.625
598.1910305,130.8661341,7508.157708,25334.8082,3350.0,23.125,15.625
501.1911226,125.6820683,4342.755519,23037.67641,2650.0,23.125,19.375
547.7422979,125.6820683,5220.620569,23037.67641,2883.333333,23.125,19.375
594.236321,125.6820683,6165.347579,23037.67641,3116.666667,23.125,19.375
636.1863875,125.6820683,7073.736454,23037.67641,3350.0,23.125,19.375
484.1111198,122.7240266,3442.97905,22510.84669,2650.0,23.125,23.125
524.6478526,122.7240266,4095.266305,22510.84669,2883.333333,23.125,23.125
566.9233129,122.7240266,4773.550723,22510.84669,3116.666667,23.125,23.125
609.9753427,122.7240266,5478.291103,22510.84669,3350.0,23.125,23.125
508.4526748,150.743708,6973.901741,33011.16216,2575.0,10.9375,10.9375
534.7336534,150.743708,7687.146105,33011.16216,2696.428571,10.9375,10.9375
557.3199371,150.743708,8340.490613,33011.16216,2817.857143,10.9375,10.9375
583.2473684,150.743708,9246.3963,33011.16216,2939.285714,10.9375,10.9375
607.8783895,150.743708,10103.71197,33011.16216,3060.714286,10.9375,10.9375
631.4917129,150.743708,10881.60082,33011.16216,3182.142857,10.9375,10.9375
654.7113259,150.743708,11565.35714,33011.16216,3303.571429,10.9375,10.9375
680.1859477,150.743708,12486.95408,33011.16216,3425.0,10.9375,10.9375
535.2980291,145.7635272,7758.546622,31103.10913,2575.0,10.9375,12.8125
561.137231,145.7635272,8515.59684,31103.10913,2696.428571,10.9375,12.8125
587.2397729,145.7635272,9322.462356,31103.10913,2817.857143,10.9375,12.8125
614.4145264,145.7635272,10298.40555,31103.10913,2939.285714,10.9375,12.8125
636.893897,145.7635272,11031.43099,31103.10913,3060.714286,10.9375,12.8125
663.6982687,145.7635272,11964.70765,31103.10913,3182.142857,10.9375,12.8125
688.5428277,145.7635272,12943.41595,31103.10913,3303.571429,10.9375,12.8125
714.192236,145.7635272,13824.57453,31103.10913,3425.0,10.9375,12.8125
540.3168841,141.694053,6249.478292,29687.75587,2575.0,10.9375,14.6875
558.0520607,141.694053,6941.903665,29687.75587,2696.428571,10.9375,14.6875
588.3083005,141.694053,7336.932078,29687.75587,2817.857143,10.9375,14.6875
605.3481413,141.694053,8240.110152,29687.75587,2939.285714,10.9375,14.6875
634.2314241,141.694053,8860.956915,29687.75587,3060.714286,10.9375,14.6875
656.5746065,141.694053,9673.856149,29687.75587,3182.142857,10.9375,14.6875
683.0051429,141.694053,10475.61925,29687.75587,3303.571429,10.9375,14.6875
707.5077003,141.694053,11246.36006,29687.75587,3425.0,10.9375,14.6875
558.8093912,138.4779644,7554.489097,28529.07455,2575.0,10.9375,16.5625
584.6642808,138.4779644,8288.602845,28529.07455,2696.428571,10.9375,16.5625
610.0235445,138.4779644,8991.675645,28529.07455,2817.857143,10.9375,16.5625
638.0814801,138.4779644,9864.181087,28529.07455,2939.285714,10.9375,16.5625
663.5432261,138.4779644,10676.29344,28529.07455,3060.714286,10.9375,16.5625
691.8268876,138.4779644,11593.81462,28529.07455,3182.142857,10.9375,16.5625
717.6300132,138.4779644,12443.00723,28529.07455,3303.571429,10.9375,16.5625
744.5982627,138.4779644,13363.67016,28529.07455,3425.0,10.9375,16.5625
553.0249776,135.2982864,7532.236921,28226.86301,2575.0,10.9375,18.4375
579.8445484,135.2982864,8365.746988,28226.86301,2696.428571,10.9375,18.4375
609.1520961,135.2982864,9150.932467,28226.86301,2817.857143,10.9375,18.4375
632.6979093,135.2982864,9598.519104,28226.86301,2939.285714,10.9375,18.4375
657.927693,135.2982864,10364.40749,28226.86301,3060.714286,10.9375,18.4375
682.9434344,135.2982864,11212.14593,28226.86301,3182.142857,10.9375,18.4375
708.790037,135.2982864,11995.15118,28226.86301,3303.571429,10.9375,18.4375
734.7008109,135.2982864,12892.99971,28226.86301,3425.0,10.9375,18.4375
522.5275262,133.3500023,5878.38874,28438.65683,2575.0,10.9375,20.3125
547.0492974,133.3500023,6499.157455,28438.65683,2696.428571,10.9375,20.3125
572.7074783,133.3500023,7180.340679,28438.65683,2817.857143,10.9375,20.3125
597.4105385,133.3500023,7759.681981,28438.65683,2939.285714,10.9375,20.3125
617.973199,133.3500023,8307.167016,28438.65683,3060.714286,10.9375,20.3125
651.6723782,133.3500023,8991.632229,28438.65683,3182.142857,10.9375,20.3125
670.7933179,133.3500023,9838.434604,28438.65683,3303.571429,10.9375,20.3125
698.7691745,133.3500023,10446.92776,28438.65683,3425.0,10.9375,20.3125
554.4984983,131.5098435,7543.425956,27678.93369,2575.0,10.9375,22.1875
580.0670347,131.5098435,8071.166842,27678.93369,2696.428571,10.9375,22.1875
606.0649012,131.5098435,8937.428657,27678.93369,2817.857143,10.9375,22.1875
635.8163342,131.5098435,9785.983248,27678.93369,2939.285714,10.9375,22.1875
656.5897206,131.5098435,10589.80379,27678.93369,3060.714286,10.9375,22.1875
683.7816829,131.5098435,11312.35553,27678.93369,3182.142857,10.9375,22.1875
713.4668958,131.5098435,12297.11326,27678.93369,3303.571429,10.9375,22.1875
736.7734917,131.5098435,13260.16212,27678.93369,3425.0,10.9375,22.1875
564.0167035,129.1804702,7178.187306,26847.82008,2575.0,10.9375,24.0625
589.6127616,129.1804702,7739.577348,26847.82008,2696.428571,10.9375,24.0625
616.5898699,129.1804702,8574.456196,26847.82008,2817.857143,10.9375,24.0625
644.5006323,129.1804702,9423.017996,26847.82008,2939.285714,10.9375,24.0625
670.6124972,129.1804702,10143.94941,26847.82008,3060.714286,10.9375,24.0625
700.6398322,129.1804702,10728.42226,26847.82008,3182.142857,10.9375,24.0625
726.2379668,129.1804702,11706.7005,26847.82008,3303.571429,10.9375,24.0625
755.9048926,129.1804702,13191.48027,26847.82008,3425.0,10.9375,24.0625
486.8983723,148.2382748,5671.863923,31970.15894,2575.0,12.8125,10.9375
509.6797954,148.2382748,6139.373795,31970.15894,2696.428571,12.8125,10.9375
533.1080907,148.2382748,6698.428483,31970.15894,2817.857143,12.8125,10.9375
551.2757523,148.2382748,7085.000389,31970.15894,2939.285714,12.8125,10.9375
578.404119,148.2382748,7836.24141,31970.15894,3060.714286,12.8125,10.9375
601.2951518,148.2382748,8532.192125,31970.15894,3182.142857,12.8125,10.9375
622.4018923,148.2382748,9165.91997,31970.15894,3303.571429,12.8125,10.9375
645.7218885,148.2382748,9786.932214,31970.15894,3425.0,12.8125,10.9375
518.7223759,143.6211463,6679.40798,30067.49127,2575.0,12.8125,12.8125
543.897584,143.6211463,7202.842526,30067.49127,2696.428571,12.8125,12.8125
565.6395576,143.6211463,7795.554221,30067.49127,2817.857143,12.8125,12.8125
590.1366122,143.6211463,8435.183302,30067.49127,2939.285714,12.8125,12.8125
616.4745007,143.6211463,9266.816309,30067.49127,3060.714286,12.8125,12.8125
642.5631999,143.6211463,10063.49287,30067.49127,3182.142857,12.8125,12.8125
664.2587519,143.6211463,10683.86381,30067.49127,3303.571429,12.8125,12.8125
687.3486885,143.6211463,11405.08994,30067.49127,3425.0,12.8125,12.8125
518.4900283,139.2017026,5967.596704,28529.264,2575.0,12.8125,14.6875
548.0658692,139.2017026,6633.028724,28529.264,2696.428571,12.8125,14.6875
567.133432,139.2017026,7118.149565,28529.264,2817.857143,12.8125,14.6875
591.612234,139.2017026,7659.014673,28529.264,2939.285714,12.8125,14.6875
615.7831799,139.2017026,8346.725921,28529.264,3060.714286,12.8125,14.6875
642.1185096,139.2017026,9071.158019,28529.264,3182.142857,12.8125,14.6875
668.5501816,139.2017026,9826.940571,28529.264,3303.571429,12.8125,14.6875
691.5721965,139.2017026,10592.31021,28529.264,3425.0,12.8125,14.6875
541.2293306,136.2359548,6832.227748,27080.83289,2575.0,12.8125,16.5625
568.9436611,136.2359548,7577.000272,27080.83289,2696.428571,12.8125,16.5625
591.6797532,136.2359548,7959.188316,27080.83289,2817.857143,12.8125,16.5625
611.9923481,136.2359548,8757.006161,27080.83289,2939.285714,12.8125,16.5625
640.2492689,136.2359548,9710.435926,27080.83289,3060.714286,12.8125,16.5625
669.6552504,136.2359548,10091.54256,27080.83289,3182.142857,12.8125,16.5625
697.2429841,136.2359548,10957.02423,27080.83289,3303.571429,12.8125,16.5625
721.0231076,136.2359548,11709.21109,27080.83289,3425.0,12.8125,16.5625
538.7224619,133.2135346,6770.752604,26729.3183,2575.0,12.8125,18.4375
564.3489079,133.2135346,7338.492887,26729.3183,2696.428571,12.8125,18.4375
589.0480488,133.2135346,8084.858831,26729.3183,2817.857143,12.8125,18.4375
611.7910225,133.2135346,8755.806825,26729.3183,2939.285714,12.8125,18.4375
641.9775877,133.2135346,9517.473531,26729.3183,3060.714286,12.8125,18.4375
663.1775591,133.2135346,10008.99998,26729.3183,3182.142857,12.8125,18.4375
689.5434212,133.2135346,10734.51778,26729.3183,3303.571429,12.8125,18.4375
715.3059375,133.2135346,11955.32995,26729.3183,3425.0,12.8125,18.4375
531.2883429,131.2717323,6442.049343,26961.41701,2575.0,12.8125,20.3125
556.3786077,131.2717323,7052.899429,26961.41701,2696.428571,12.8125,20.3125
581.7351293,131.2717323,7663.341535,26961.41701,2817.857143,12.8125,20.3125
605.1534141,131.2717323,8441.132871,26961.41701,2939.285714,12.8125,20.3125
628.1624119,131.2717323,9057.908329,26961.41701,3060.714286,12.8125,20.3125
655.4680206,131.2717323,9876.374611,26961.41701,3182.142857,12.8125,20.3125
683.963936,131.2717323,10684.41943,26961.41701,3303.571429,12.8125,20.3125
703.1356591,131.2717323,11455.77169,26961.41701,3425.0,12.8125,20.3125
526.1247151,129.5624605,5546.913829,26099.26028,2575.0,12.8125,22.1875
543.5673195,129.5624605,6032.841224,26099.26028,2696.428571,12.8125,22.1875
569.0647055,129.5624605,6634.693291,26099.26028,2817.857143,12.8125,22.1875
599.2508665,129.5624605,7240.496035,26099.26028,2939.285714,12.8125,22.1875
621.3063385,129.5624605,7957.930718,26099.26028,3060.714286,12.8125,22.1875
647.0260626,129.5624605,8250.708975,26099.26028,3182.142857,12.8125,22.1875
668.883146,129.5624605,9293.187772,26099.26028,3303.571429,12.8125,22.1875
692.017637,129.5624605,9811.224969,26099.26028,3425.0,12.8125,22.1875
556.5500456,127.4330658,6474.262729,25403.67143,2575.0,12.8125,24.0625
581.8339615,127.4330658,7100.480041,25403.67143,2696.428571,12.8125,24.0625
610.9727755,127.4330658,8132.814113,25403.67143,2817.857143,12.8125,24.0625
635.2162093,127.4330658,8492.187617,25403.67143,2939.285714,12.8125,24.0625
659.0106743,127.4330658,9114.67549,25403.67143,3060.714286,12.8125,24.0625
686.3879698,127.4330658,9902.611532,25403.67143,3182.142857,12.8125,24.0625
712.992587,127.4330658,10649.47421,25403.67143,3303.571429,12.8125,24.0625
735.8684995,127.4330658,11507.01228,25403.67143,3425.0,12.8125,24.0625
466.6066884,146.0891333,4976.434915,31802.96098,2575.0,14.6875,10.9375
488.8121584,146.0891333,5446.830729,31802.96098,2696.428571,14.6875,10.9375
509.4970043,146.0891333,5919.408038,31802.96098,2817.857143,14.6875,10.9375
531.6474485,146.0891333,6409.146727,31802.96098,2939.285714,14.6875,10.9375
553.9622949,146.0891333,7000.363612,31802.96098,3060.714286,14.6875,10.9375
574.9292103,146.0891333,7527.738359,31802.96098,3182.142857,14.6875,10.9375
596.5072688,146.0891333,8057.058399,31802.96098,3303.571429,14.6875,10.9375
619.1397165,146.0891333,8707.318427,31802.96098,3425.0,14.6875,10.9375
494.9678178,141.8461613,5624.219488,29308.76281,2575.0,14.6875,12.8125
518.6439129,141.8461613,6183.439949,29308.76281,2696.428571,14.6875,12.8125
540.9088129,141.8461613,6658.813161,29308.76281,2817.857143,14.6875,12.8125
564.1102615,141.8461613,7211.501185,29308.76281,2939.285714,14.6875,12.8125
588.5653886,141.8461613,8030.98626,29308.76281,3060.714286,14.6875,12.8125
612.1008938,141.8461613,8689.559663,29308.76281,3182.142857,14.6875,12.8125
633.6512223,141.8461613,9260.6779,29308.76281,3303.571429,14.6875,12.8125
657.1824906,141.8461613,9968.474794,29308.76281,3425.0,14.6875,12.8125
495.8689912,137.7863167,5102.080379,27788.01609,2575.0,14.6875,14.6875
517.5155928,137.7863167,5527.941756,27788.01609,2696.428571,14.6875,14.6875
541.305299,137.7863167,6064.442922,27788.01609,2817.857143,14.6875,14.6875
563.6013319,137.7863167,6549.255908,27788.01609,2939.285714,14.6875,14.6875
666.9145502,121.3621265,8246.696887,21330.86783,3425.0,24.0625,24.0625
644.5303226,121.3621265,7797.793863,21330.86783,3303.571429,24.0625,24.0625
619.6341977,121.3621265,7105.017296,21330.86783,3182.142857,24.0625,24.0625
596.2660768,121.3621265,6615.722073,21330.86783,3060.714286,24.0625,24.0625
571.8888194,121.3621265,6071.805504,21330.86783,2939.285714,24.0625,24.0625
549.2759347,121.3621265,5651.63907,21330.86783,2817.857143,24.0625,24.0625
527.0412082,121.3621265,5114.311762,21330.86783,2696.428571,24.0625,24.0625
501.5145471,121.3621265,4590.223103,21330.86783,2575.0,24.0625,24.0625
610.370328,123.1653397,7775.316484,22384.67147,3425.0,24.0625,22.1875
589.0240396,123.1653397,7348.763507,22384.67147,3303.571429,24.0625,22.1875
570.8732017,123.1653397,6791.708994,22384.67147,3182.142857,24.0625,22.1875
546.1157321,123.1653397,6374.884581,22384.67147,3060.714286,24.0625,22.1875
527.1010533,123.1653397,5926.113009,22384.67147,2939.285714,24.0625,22.1875
504.0754029,123.1653397,5334.187111,22384.67147,2817.857143,24.0625,22.1875
481.8893362,123.1653397,4850.222462,22384.67147,2696.428571,24.0625,22.1875
459.8159814,123.1653397,4413.378848,22384.67147,2575.0,24.0625,22.1875
595.2342164,124.2016436,7291.075871,23316.79196,3425.0,24.0625,20.3125
571.6569358,124.2016436,6764.985152,23316.79196,3303.571429,24.0625,20.3125
555.0773819,124.2016436,6273.563452,23316.79196,3182.142857,24.0625,20.3125
531.5503236,124.2016436,5803.427142,23316.79196,3060.714286,24.0625,20.3125
512.2564017,124.2016436,5379.517918,23316.79196,2939.285714,24.0625,20.3125
490.2673933,124.2016436,4911.433088,23316.79196,2817.857143,24.0625,20.3125
466.5277574,124.2016436,4460.67275,23316.79196,2696.428571,24.0625,20.3125
448.3899374,124.2016436,4103.073383,23316.79196,2575.0,24.0625,20.3125
613.9844788,126.2695069,7715.832128,23496.33673,3425.0,24.0625,18.4375
592.5207334,126.2695069,7129.748815,23496.33673,3303.571429,24.0625,18.4375
571.5241905,126.2695069,6661.487601,23496.33673,3182.142857,24.0625,18.4375
546.0003461,126.2695069,6165.376399,23496.33673,3060.714286,24.0625,18.4375
520.7491578,126.2695069,5773.452387,23496.33673,2939.285714,24.0625,18.4375
498.6865814,126.2695069,5229.026197,23496.33673,2817.857143,24.0625,18.4375
482.7892806,126.2695069,4771.788985,23496.33673,2696.428571,24.0625,18.4375
459.2551917,126.2695069,4294.272485,23496.33673,2575.0,24.0625,18.4375
606.1551615,128.6553671,7430.05496,24270.13884,3425.0,24.0625,16.5625
586.4171872,128.6553671,7010.508609,24270.13884,3303.571429,24.0625,16.5625
565.0945743,128.6553671,6484.610969,24270.13884,3182.142857,24.0625,16.5625
542.842307,128.6553671,6024.750991,24270.13884,3060.714286,24.0625,16.5625
521.1118513,128.6553671,5480.973259,24270.13884,2939.285714,24.0625,16.5625
499.2811222,128.6553671,4962.840349,24270.13884,2817.857143,24.0625,16.5625
477.2862894,128.6553671,4646.662119,24270.13884,2696.428571,24.0625,16.5625
455.2288631,128.6553671,4269.77404,24270.13884,2575.0,24.0625,16.5625
599.5749764,131.609097,7494.698577,26011.99344,3425.0,24.0625,14.6875
577.7774934,131.609097,7093.157105,26011.99344,3303.571429,24.0625,14.6875
558.0590319,131.609097,6585.095246,26011.99344,3182.142857,24.0625,14.6875
535.6494686,131.609097,5978.271241,26011.99344,3060.714286,24.0625,14.6875
512.979006,131.609097,5489.135747,26011.99344,2939.285714,24.0625,14.6875
496.2884946,131.609097,5000.690707,26011.99344,2817.857143,24.0625,14.6875
474.1013254,131.609097,4691.221024,26011.99344,2696.428571,24.0625,14.6875
452.1308186,131.609097,4304.230916,26011.99344,2575.0,24.0625,14.6875
588.0651088,134.6903286,7449.821653,28096.97785,3425.0,24.0625,12.8125
568.9906699,134.6903286,6887.524642,28096.97785,3303.571429,24.0625,12.8125
547.4699866,134.6903286,6334.118101,28096.97785,3182.142857,24.0625,12.8125
525.9833162,134.6903286,5855.981907,28096.97785,3060.714286,24.0625,12.8125
506.140136,134.6903286,5451.039879,28096.97785,2939.285714,24.0625,12.8125
486.0603451,134.6903286,4989.595382,28096.97785,2817.857143,24.0625,12.8125
464.8943887,134.6903286,4593.768812,28096.97785,2696.428571,24.0625,12.8125
442.8114471,134.6903286,4124.690104,28096.97785,2575.0,24.0625,12.8125
584.8614059,138.810842,7168.514362,30592.86467,3425.0,24.0625,10.9375
563.5772428,138.810842,6668.427453,30592.86467,3303.571429,24.0625,10.9375
542.3880952,138.810842,6158.834694,30592.86467,3182.142857,24.0625,10.9375
522.9052768,138.810842,5748.421273,30592.86467,3060.714286,24.0625,10.9375
502.0341952,138.810842,5278.54705,30592.86467,2939.285714,24.0625,10.9375
481.058578,138.810842,4823.242634,30592.86467,2817.857143,24.0625,10.9375
460.2295636,138.810842,4431.172847,30592.86467,2696.428571,24.0625,10.9375
439.5824449,138.810842,4026.959441,30592.86467,2575.0,24.0625,10.9375
669.9287161,122.6275112,5242.427511,21528.81453,3425.0,22.1875,24.0625
649.29378,122.6275112,4816.588658,21528.81453,3303.571429,22.1875,24.0625
624.6760376,122.6275112,4624.454349,21528.81453,3182.142857,22.1875,24.0625
598.9155135,122.6275112,4037.957284,21528.81453,3060.714286,22.1875,24.0625
575.3695113,122.6275112,3872.04703,21528.81453,2939.285714,22.1875,24.0625
554.0294272,122.6275112,3590.959266,21528.81453,2817.857143,22.1875,24.0625
528.2053206,122.6275112,3277.852476,21528.81453,2696.428571,22.1875,24.0625
504.4207694,122.6275112,2956.020989,21528.81453,2575.0,22.1875,24.0625
630.9562484,123.7081963,8271.100455,22741.02866,3425.0,22.1875,22.1875
608.3219721,123.7081963,7693.119014,22741.02866,3303.571429,22.1875,22.1875
587.1798463,123.7081963,7088.816329,22741.02866,3182.142857,22.1875,22.1875
559.7029895,123.7081963,6649.636816,22741.02866,3060.714286,22.1875,22.1875
540.6574714,123.7081963,6007.099502,22741.02866,2939.285714,22.1875,22.1875
518.3108156,123.7081963,5527.336346,22741.02866,2817.857143,22.1875,22.1875
494.0967666,123.7081963,5143.05288,22741.02866,2696.428571,22.1875,22.1875
472.357965,123.7081963,4597.987931,22741.02866,2575.0,22.1875,22.1875
611.9547353,125.0476251,7892.870997,23563.93365,3425.0,22.1875,20.3125
597.2517943,125.0476251,7570.599775,23563.93365,3303.571429,22.1875,20.3125
565.9669344,125.0476251,6742.769181,23563.93365,3182.142857,22.1875,20.3125
544.9133904,125.0476251,6416.185012,23563.93365,3060.714286,22.1875,20.3125
528.053878,125.0476251,5962.561295,23563.93365,2939.285714,22.1875,20.3125
504.775182,125.0476251,5464.877196,23563.93365,2817.857143,22.1875,20.3125
483.3700273,125.0476251,5142.401664,23563.93365,2696.428571,22.1875,20.3125
463.8022231,125.0476251,4636.180737,23563.93365,2575.0,22.1875,20.3125
619.2227067,127.3010653,7683.369481,23718.39561,3425.0,22.1875,18.4375
599.8515376,127.3010653,7129.089824,23718.39561,3303.571429,22.1875,18.4375
576.6984866,127.3010653,6648.982879,23718.39561,3182.142857,22.1875,18.4375
553.7815839,127.3010653,6148.405162,23718.39561,3060.714286,22.1875,18.4375
527.8467478,127.3010653,5709.324452,23718.39561,2939.285714,22.1875,18.4375
511.3712435,127.3010653,5234.306728,23718.39561,2817.857143,22.1875,18.4375
487.3783606,127.3010653,4799.185382,23718.39561,2696.428571,22.1875,18.4375
467.574493,127.3010653,4452.241527,23718.39561,2575.0,22.1875,18.4375
619.0497885,130.1757054,7323.764867,24265.08693,3425.0,22.1875,16.5625
595.6811747,130.1757054,6831.73626,24265.08693,3303.571429,22.1875,16.5625
573.2338234,130.1757054,6276.936295,24265.08693,3182.142857,22.1875,16.5625
553.4182895,130.1757054,5931.938919,24265.08693,3060.714286,22.1875,16.5625
530.1661246,130.1757054,5306.552764,24265.08693,2939.285714,22.1875,16.5625
506.3300661,130.1757054,4802.2596,24265.08693,2817.857143,22.1875,16.5625
485.4558076,130.1757054,4491.037411,24265.08693,2696.428571,22.1875,16.5625
465.6700538,130.1757054,4186.457323,24265.08693,2575.0,22.1875,16.5625
606.5054784,132.4114058,6940.318019,25978.85022,3425.0,22.1875,14.6875
586.4500575,132.4114058,6475.280958,25978.85022,3303.571429,22.1875,14.6875
564.5419489,132.4114058,6037.627915,25978.85022,3182.142857,22.1875,14.6875
542.4261632,132.4114058,5488.344333,25978.85022,3060.714286,22.1875,14.6875
523.0050061,132.4114058,5112.491741,25978.85022,2939.285714,22.1875,14.6875
502.8134279,132.4114058,4646.626963,25978.85022,2817.857143,22.1875,14.6875
477.9958434,132.4114058,4303.649545,25978.85022,2696.428571,22.1875,14.6875
456.578381,132.4114058,3937.27165,25978.85022,2575.0,22.1875,14.6875
600.6321597,135.902299,7720.785234,28146.63482,3425.0,22.1875,12.8125
578.0352083,135.902299,7211.507113,28146.63482,3303.571429,22.1875,12.8125
554.3577797,135.902299,6512.302025,28146.63482,3182.142857,22.1875,12.8125
536.0707501,135.902299,6137.721529,28146.63482,3060.714286,22.1875,12.8125
513.9172228,135.902299,5663.115574,28146.63482,2939.285714,22.1875,12.8125
490.946728,135.902299,5191.76065,28146.63482,2817.857143,22.1875,12.8125
468.8271795,135.902299,4671.097481,28146.63482,2696.428571,22.1875,12.8125
450.5787241,135.902299,4375.728137,28146.63482,2575.0,22.1875,12.8125
583.0117049,139.5298393,7357.551597,30616.14416,3425.0,22.1875,10.9375
562.2958691,139.5298393,6853.39595,30616.14416,3303.571429,22.1875,10.9375
542.4137813,139.5298393,6471.446245,30616.14416,3182.142857,22.1875,10.9375
524.3577745,139.5298393,6055.620744,30616.14416,3060.714286,22.1875,10.9375
503.4525035,139.5298393,5530.735327,30616.14416,2939.285714,22.1875,10.9375
479.6832374,139.5298393,5057.695934,30616.14416,2817.857143,22.1875,10.9375
458.0996151,139.5298393,4646.721549,30616.14416,2696.428571,22.1875,10.9375
441.6094607,139.5298393,4272.365866,30616.14416,2575.0,22.1875,10.9375
696.598238,122.8835155,9248.2301,22133.7893,3425.0,20.3125,24.0625
675.0455124,122.8835155,8639.488087,22133.7893,3303.571429,20.3125,24.0625
648.9353716,122.8835155,8002.851932,22133.7893,3182.142857,20.3125,24.0625
623.5722162,122.8835155,7517.653821,22133.7893,3060.714286,20.3125,24.0625
597.2535541,122.8835155,6761.384795,22133.7893,2939.285714,20.3125,24.0625
575.7773796,122.8835155,6347.029015,22133.7893,2817.857143,20.3125,24.0625
550.5204043,122.8835155,5792.141441,22133.7893,2696.428571,20.3125,24.0625
526.7549862,122.8835155,5380.330787,22133.7893,2575.0,20.3125,24.0625
645.5451799,124.6268958,8610.632346,23047.92048,3425.0,20.3125,22.1875
623.2655407,124.6268958,8167.899876,23047.92048,3303.571429,20.3125,22.1875
595.6919821,124.6268958,7396.451298,23047.92048,3182.142857,20.3125,22.1875
574.0805209,124.6268958,6939.325968,23047.92048,3060.714286,20.3125,22.1875
552.1604888,124.6268958,6307.849211,23047.92048,2939.285714,20.3125,22.1875
532.6330391,124.6268958,5903.861241,23047.92048,2817.857143,20.3125,22.1875
509.1261229,124.6268958,5332.389789,23047.92048,2696.428571,20.3125,22.1875
484.7092174,124.6268958,4924.863495,23047.92048,2575.0,20.3125,22.1875
622.1865803,125.4855979,8294.78673,23980.07726,3425.0,20.3125,20.3125
599.8542884,125.4855979,7717.77884,23980.07726,3303.571429,20.3125,20.3125
577.0819685,125.4855979,7034.835549,23980.07726,3182.142857,20.3125,20.3125
558.3971491,125.4855979,6624.457711,23980.07726,3060.714286,20.3125,20.3125
533.8956681,125.4855979,5993.536828,23980.07726,2939.285714,20.3125,20.3125
513.6527254,125.4855979,5612.502254,23980.07726,2817.857143,20.3125,20.3125
491.7265682,125.4855979,5153.17994,23980.07726,2696.428571,20.3125,20.3125
467.4492443,125.4855979,4687.375797,23980.07726,2575.0,20.3125,20.3125
637.7694332,128.613918,8208.655065,24118.44048,3425.0,20.3125,18.4375
617.4593176,128.613918,7755.015975,24118.44048,3303.571429,20.3125,18.4375
593.8441265,128.613918,7104.252604,24118.44048,3182.142857,20.3125,18.4375
569.9432849,128.613918,6482.568039,24118.44048,3060.714286,20.3125,18.4375
550.5954982,128.613918,6132.001069,24118.44048,2939.285714,20.3125,18.4375
526.340097,128.613918,5619.316737,24118.44048,2817.857143,20.3125,18.4375
500.3304907,128.613918,5006.149429,24118.44048,2696.428571,20.3125,18.4375
480.5705999,128.613918,4664.621327,24118.44048,2575.0,20.3125,18.4375
625.2986397,130.7537443,7263.580282,24682.67342,3425.0,20.3125,16.5625
603.3347624,130.7537443,6735.903432,24682.67342,3303.571429,20.3125,16.5625
580.2530357,130.7537443,6233.680795,24682.67342,3182.142857,20.3125,16.5625
558.9469722,130.7537443,5772.616974,24682.67342,3060.714286,20.3125,16.5625
536.6473129,130.7537443,5317.654481,24682.67342,2939.285714,20.3125,16.5625
514.014202,130.7537443,4885.863009,24682.67342,2817.857143,20.3125,16.5625
491.9517179,130.7537443,4488.359803,24682.67342,2696.428571,20.3125,16.5625
470.1344421,130.7537443,4093.240672,24682.67342,2575.0,20.3125,16.5625
623.3848149,133.3915866,7761.064055,26439.18837,3425.0,20.3125,14.6875
599.6329191,133.3915866,7244.94848,26439.18837,3303.571429,20.3125,14.6875
578.2302722,133.3915866,6703.42584,26439.18837,3182.142857,20.3125,14.6875
558.1153625,133.3915866,6271.542327,26439.18837,3060.714286,20.3125,14.6875
534.4484413,133.3915866,5763.482198,26439.18837,2939.285714,20.3125,14.6875
513.3360385,133.3915866,5280.151119,26439.18837,2817.857143,20.3125,14.6875
489.3031019,133.3915866,4899.985211,26439.18837,2696.428571,20.3125,14.6875
470.2371776,133.3915866,4446.512088,26439.18837,2575.0,20.3125,14.6875
606.1613866,137.1706406,7887.873601,28304.43874,3425.0,20.3125,12.8125
580.1175562,137.1706406,7193.95915,28304.43874,3303.571429,20.3125,12.8125
560.1385602,137.1706406,6703.925393,28304.43874,3182.142857,20.3125,12.8125
540.3504344,137.1706406,6213.454447,28304.43874,3060.714286,20.3125,12.8125
517.3557821,137.1706406,5696.633162,28304.43874,2939.285714,20.3125,12.8125
496.3494657,137.1706406,5289.652013,28304.43874,2817.857143,20.3125,12.8125
479.5181757,137.1706406,4892.348434,28304.43874,2696.428571,20.3125,12.8125
454.0331435,137.1706406,4480.568427,28304.43874,2575.0,20.3125,12.8125
588.5390583,141.5662121,7259.878848,30690.68648,3425.0,20.3125,10.9375
568.1771814,141.5662121,6890.141286,30690.68648,3303.571429,20.3125,10.9375
547.5144626,141.5662121,6416.179804,30690.68648,3182.142857,20.3125,10.9375
527.5558083,141.5662121,5874.544251,30690.68648,3060.714286,20.3125,10.9375
509.4893866,141.5662121,5447.257871,30690.68648,2939.285714,20.3125,10.9375
484.8083357,141.5662121,4983.289315,30690.68648,2817.857143,20.3125,10.9375
464.5574474,141.5662121,4534.15075,30690.68648,2696.428571,20.3125,10.9375
445.9668337,141.5662121,4212.865963,30690.68648,2575.0,20.3125,10.9375
708.7559415,124.4891578,9050.80084,22365.28346,3425.0,18.4375,24.0625
681.0733281,124.4891578,7948.98453,22365.28346,3303.571429,18.4375,24.0625
660.2583014,124.4891578,7624.441873,22365.28346,3182.142857,18.4375,24.0625
630.8283455,124.4891578,7117.20606,22365.28346,3060.714286,18.4375,24.0625
612.3197345,124.4891578,6698.332906,22365.28346,2939.285714,18.4375,24.0625
583.0735081,124.4891578,5958.298391,22365.28346,2817.857143,18.4375,24.0625
553.1928169,124.4891578,5543.136213,22365.28346,2696.428571,18.4375,24.0625
535.3078105,124.4891578,4980.743159,22365.28346,2575.0,18.4375,24.0625
665.739254,125.8303605,9178.324083,23549.00036,3425.0,18.4375,22.1875
640.9660786,125.8303605,8524.239078,23549.00036,3303.571429,18.4375,22.1875
617.8842439,125.8303605,7853.491488,23549.00036,3182.142857,18.4375,22.1875
595.3300906,125.8303605,7309.542619,23549.00036,3060.714286,18.4375,22.1875
567.7613464,125.8303605,6646.76098,23549.00036,2939.285714,18.4375,22.1875
545.2833357,125.8303605,6184.234258,23549.00036,2817.857143,18.4375,22.1875
523.7602925,125.8303605,5779.809838,23549.00036,2696.428571,18.4375,22.1875
502.8136528,125.8303605,5306.980372,23549.00036,2575.0,18.4375,22.1875
645.5534259,126.8071074,8986.384523,24374.59343,3425.0,18.4375,20.3125
626.2783134,126.8071074,8481.944613,24374.59343,3303.571429,18.4375,20.3125
601.3777105,126.8071074,7799.054085,24374.59343,3182.142857,18.4375,20.3125
580.870147,126.8071074,7310.706332,24374.59343,3060.714286,18.4375,20.3125
556.8584439,126.8071074,6634.236921,24374.59343,2939.285714,18.4375,20.3125
533.8862152,126.8071074,6108.745569,24374.59343,2817.857143,18.4375,20.3125
512.7445708,126.8071074,5678.355061,24374.59343,2696.428571,18.4375,20.3125
488.5104308,126.8071074,5110.410059,24374.59343,2575.0,18.4375,20.3125
651.0062388,129.2505,8598.176792,24446.34436,3425.0,18.4375,18.4375
626.4406679,129.2505,8088.169815,24446.34436,3303.571429,18.4375,18.4375
597.9493276,129.2505,7415.953106,24446.34436,3182.142857,18.4375,18.4375
580.1305894,129.2505,6860.511855,24446.34436,3060.714286,18.4375,18.4375
554.3901077,129.2505,6168.797361,24446.34436,2939.285714,18.4375,18.4375
535.2055506,129.2505,5784.382443,24446.34436,2817.857143,18.4375,18.4375
511.2557462,129.2505,5349.614467,24446.34436,2696.428571,18.4375,18.4375
487.360701,129.2505,4776.689385,24446.34436,2575.0,18.4375,18.4375
644.9513955,132.0200775,8448.559546,24965.87953,3425.0,18.4375,16.5625
622.730752,132.0200775,7978.819749,24965.87953,3303.571429,18.4375,16.5625
600.1004195,132.0200775,7280.571595,24965.87953,3182.142857,18.4375,16.5625
576.3634156,132.0200775,6661.171175,24965.87953,3060.714286,18.4375,16.5625
554.376415,132.0200775,6220.502002,24965.87953,2939.285714,18.4375,16.5625
534.9058207,132.0200775,5851.787974,24965.87953,2817.857143,18.4375,16.5625
507.9953141,132.0200775,5305.26203,24965.87953,2696.428571,18.4375,16.5625
486.5169717,132.0200775,4805.450851,24965.87953,2575.0,18.4375,16.5625
642.0639518,134.710121,8875.550548,26512.70388,3425.0,18.4375,14.6875
618.3072599,134.710121,8221.281891,26512.70388,3303.571429,18.4375,14.6875
594.5594623,134.710121,7611.602282,26512.70388,3182.142857,18.4375,14.6875
573.6360864,134.710121,7109.155162,26512.70388,3060.714286,18.4375,14.6875
551.1246671,134.710121,6609.219547,26512.70388,2939.285714,18.4375,14.6875
527.7782127,134.710121,6055.190124,26512.70388,2817.857143,18.4375,14.6875
506.5776387,134.710121,5508.817145,26512.70388,2696.428571,18.4375,14.6875
483.132728,134.710121,5129.480449,26512.70388,2575.0,18.4375,14.6875
617.3861527,138.3238408,7929.192767,28564.50224,3425.0,18.4375,12.8125
598.602889,138.3238408,7760.025303,28564.50224,3303.571429,18.4375,12.8125
576.3966546,138.3238408,7238.533271,28564.50224,3182.142857,18.4375,12.8125
551.5435449,138.3238408,6603.792347,28564.50224,3060.714286,18.4375,12.8125
531.6325236,138.3238408,6069.491954,28564.50224,2939.285714,18.4375,12.8125
510.3129931,138.3238408,5576.475338,28564.50224,2817.857143,18.4375,12.8125
487.8609818,138.3238408,5019.916569,28564.50224,2696.428571,18.4375,12.8125
469.5350039,138.3238408,4639.912391,28564.50224,2575.0,18.4375,12.8125
601.4150011,142.4923912,7897.177647,30932.1534,3425.0,18.4375,10.9375
579.8765832,142.4923912,7362.021552,30932.1534,3303.571429,18.4375,10.9375
560.325058,142.4923912,6879.299693,30932.1534,3182.142857,18.4375,10.9375
538.8678373,142.4923912,6363.652091,30932.1534,3060.714286,18.4375,10.9375
517.1709235,142.4923912,5888.11573,30932.1534,2939.285714,18.4375,10.9375
496.654361,142.4923912,5327.481013,30932.1534,2817.857143,18.4375,10.9375
475.223306,142.4923912,4885.348006,30932.1534,2696.428571,18.4375,10.9375
452.8431184,142.4923912,4485.368081,30932.1534,2575.0,18.4375,10.9375
709.4605668,125.006084,9213.164879,23199.16985,3425.0,16.5625,24.0625
688.2915149,125.006084,8427.39183,23199.16985,3303.571429,16.5625,24.0625
662.9848308,125.006084,8179.688161,23199.16985,3182.142857,16.5625,24.0625
639.0203856,125.006084,7471.814715,23199.16985,3060.714286,16.5625,24.0625
606.9046221,125.006084,6998.055018,23199.16985,2939.285714,16.5625,24.0625
580.3311395,125.006084,6391.296545,23199.16985,2817.857143,16.5625,24.0625
558.6094106,125.006084,5755.549401,23199.16985,2696.428571,16.5625,24.0625
529.0283582,125.006084,5308.460471,23199.16985,2575.0,16.5625,24.0625
690.2894488,126.4788042,10100.02013,24152.43406,3425.0,16.5625,22.1875
667.1561878,126.4788042,9555.299887,24152.43406,3303.571429,16.5625,22.1875
637.9008292,126.4788042,8554.822936,24152.43406,3182.142857,16.5625,22.1875
615.629029,126.4788042,8046.11849,24152.43406,3060.714286,16.5625,22.1875
590.7241758,126.4788042,7496.359103,24152.43406,2939.285714,16.5625,22.1875
565.7583204,126.4788042,6774.185557,24152.43406,2817.857143,16.5625,22.1875
539.7308546,126.4788042,6186.474522,24152.43406,2696.428571,16.5625,22.1875
519.5413918,126.4788042,5714.751011,24152.43406,2575.0,16.5625,22.1875
664.3970128,128.1355166,9647.052647,24953.88366,3425.0,16.5625,20.3125
640.5279537,128.1355166,9040.741702,24953.88366,3303.571429,16.5625,20.3125
617.1914559,128.1355166,8352.563996,24953.88366,3182.142857,16.5625,20.3125
596.0338282,128.1355166,7662.042736,24953.88366,3060.714286,16.5625,20.3125
567.6655615,128.1355166,7170.263137,24953.88366,2939.285714,16.5625,20.3125
549.6214836,128.1355166,6511.058827,24953.88366,2817.857143,16.5625,20.3125
517.9194732,128.1355166,6017.97631,24953.88366,2696.428571,16.5625,20.3125
504.2838058,128.1355166,5435.841865,24953.88366,2575.0,16.5625,20.3125
669.8664375,130.4919955,9272.880869,25116.76324,3425.0,16.5625,18.4375
648.0204404,130.4919955,8578.868237,25116.76324,3303.571429,16.5625,18.4375
626.4916711,130.4919955,8046.31215,25116.76324,3182.142857,16.5625,18.4375
601.3841897,130.4919955,7405.867576,25116.76324,3060.714286,16.5625,18.4375
572.8151676,130.4919955,6825.370141,25116.76324,2939.285714,16.5625,18.4375
552.3680569,130.4919955,6391.470732,25116.76324,2817.857143,16.5625,18.4375
527.7843617,130.4919955,5807.49759,25116.76324,2696.428571,16.5625,18.4375
500.3886968,130.4919955,5254.040034,25116.76324,2575.0,16.5625,18.4375
664.7479838,132.8756009,9390.683244,25630.92835,3425.0,16.5625,16.5625
640.2222002,132.8756009,8458.766208,25630.92835,3303.571429,16.5625,16.5625
619.8031491,132.8756009,8059.334849,25630.92835,3182.142857,16.5625,16.5625
593.7575395,132.8756009,7476.008162,25630.92835,3060.714286,16.5625,16.5625
570.4279396,132.8756009,6805.673818,25630.92835,2939.285714,16.5625,16.5625
550.3589475,132.8756009,6279.587667,25630.92835,2817.857143,16.5625,16.5625
525.7464234,132.8756009,5784.042794,25630.92835,2696.428571,16.5625,16.5625
503.1577458,132.8756009,5321.49932,25630.92835,2575.0,16.5625,16.5625
660.3305041,136.1705013,9322.736707,27173.96951,3425.0,16.5625,14.6875
636.0580297,136.1705013,8626.100513,27173.96951,3303.571429,16.5625,14.6875
612.9160633,136.1705013,7997.679532,27173.96951,3182.142857,16.5625,14.6875
589.4400531,136.1705013,7422.245997,27173.96951,3060.714286,16.5625,14.6875
565.0719201,136.1705013,6808.685615,27173.96951,2939.285714,16.5625,14.6875
541.3552839,136.1705013,6248.606499,27173.96951,2817.857143,16.5625,14.6875
519.0470868,136.1705013,5763.406872,27173.96951,2696.428571,16.5625,14.6875
495.1464359,136.1705013,5240.785525,27173.96951,2575.0,16.5625,14.6875
625.8784068,139.9296536,8436.187986,29005.29087,3425.0,16.5625,12.8125
604.1365546,139.9296536,7929.337725,29005.29087,3303.571429,16.5625,12.8125
582.427256,139.9296536,7301.451998,29005.29087,3182.142857,16.5625,12.8125
561.6515711,139.9296536,6838.780006,29005.29087,3060.714286,16.5625,12.8125
535.8019333,139.9296536,6143.032708,29005.29087,2939.285714,16.5625,12.8125
516.9387387,139.9296536,5786.751185,29005.29087,2817.857143,16.5625,12.8125
494.187142,139.9296536,5258.328222,29005.29087,2696.428571,16.5625,12.8125
471.2866715,139.9296536,4764.353642,29005.29087,2575.0,16.5625,12.8125
609.050238,144.3460207,8133.149895,31196.34532,3425.0,16.5625,10.9375
586.4386173,144.3460207,7576.4107,31196.34532,3303.571429,16.5625,10.9375
565.0560674,144.3460207,7009.346354,31196.34532,3182.142857,16.5625,10.9375
542.9470997,144.3460207,6502.860405,31196.34532,3060.714286,16.5625,10.9375
522.3604469,144.3460207,5983.553677,31196.34532,2939.285714,16.5625,10.9375
499.1271276,144.3460207,5487.671098,31196.34532,2817.857143,16.5625,10.9375
479.2002017,144.3460207,5055.628692,31196.34532,2696.428571,16.5625,10.9375
457.5181195,144.3460207,4633.634076,31196.34532,2575.0,16.5625,10.9375
723.6695709,126.0560111,10180.84995,23765.64959,3425.0,14.6875,24.0625
714.0091122,126.0560111,9619.864817,23765.64959,3303.571429,14.6875,24.0625
677.5227407,126.0560111,8925.509464,23765.64959,3182.142857,14.6875,24.0625
658.9609288,126.0560111,7818.203766,23765.64959,3060.714286,14.6875,24.0625
632.2091183,126.0560111,7220.837084,23765.64959,2939.285714,14.6875,24.0625
607.3776071,126.0560111,6690.992401,23765.64959,2817.857143,14.6875,24.0625
583.202479,126.0560111,6183.411866,23765.64959,2696.428571,14.6875,24.0625
554.0038146,126.0560111,5722.502488,23765.64959,2575.0,14.6875,24.0625
711.0603894,127.903738,11001.74094,24875.11275,3425.0,14.6875,22.1875
686.7377474,127.903738,10182.71961,24875.11275,3303.571429,14.6875,22.1875
659.1400787,127.903738,9450.432175,24875.11275,3182.142857,14.6875,22.1875
632.9680421,127.903738,8624.371444,24875.11275,3060.714286,14.6875,22.1875
609.767693,127.903738,8007.474639,24875.11275,2939.285714,14.6875,22.1875
584.9300984,127.903738,7408.016674,24875.11275,2817.857143,14.6875,22.1875
555.9793987,127.903738,6829.35817,24875.11275,2696.428571,14.6875,22.1875
536.1624753,127.903738,6158.222209,24875.11275,2575.0,14.6875,22.1875
695.3830001,129.4910433,10574.07795,25594.55207,3425.0,14.6875,20.3125
667.386574,129.4910433,9732.192067,25594.55207,3303.571429,14.6875,20.3125
643.1880382,129.4910433,9002.514595,25594.55207,3182.142857,14.6875,20.3125
621.2800921,129.4910433,8338.960199,25594.55207,3060.714286,14.6875,20.3125
596.6076549,129.4910433,7699.849347,25594.55207,2939.285714,14.6875,20.3125
571.1075416,129.4910433,7135.474444,25594.55207,2817.857143,14.6875,20.3125
544.7361985,129.4910433,6508.507851,25594.55207,2696.428571,14.6875,20.3125
519.7862439,129.4910433,5946.271824,25594.55207,2575.0,14.6875,20.3125
687.7932714,131.8748005,10892.64278,25996.34071,3425.0,14.6875,18.4375
664.35871,131.8748005,10102.52309,25996.34071,3303.571429,14.6875,18.4375
641.4261295,131.8748005,9436.632987,25996.34071,3182.142857,14.6875,18.4375
617.7451277,131.8748005,8778.409185,25996.34071,3060.714286,14.6875,18.4375
589.9038516,131.8748005,8099.251283,25996.34071,2939.285714,14.6875,18.4375
568.4286872,131.8748005,7433.566678,25996.34071,2817.857143,14.6875,18.4375
543.1889224,131.8748005,6789.211851,25996.34071,2696.428571,14.6875,18.4375
516.2801101,131.8748005,6219.840641,25996.34071,2575.0,14.6875,18.4375
692.2369297,134.7893694,10795.34039,26504.45204,3425.0,14.6875,16.5625
668.116577,134.7893694,10006.51994,26504.45204,3303.571429,14.6875,16.5625
641.6506847,134.7893694,9296.724988,26504.45204,3182.142857,14.6875,16.5625
618.539127,134.7893694,8555.225144,26504.45204,3060.714286,14.6875,16.5625
593.1976147,134.7893694,8154.409437,26504.45204,2939.285714,14.6875,16.5625
567.4276848,134.7893694,7385.704971,26504.45204,2817.857143,14.6875,16.5625
544.0021731,134.7893694,6690.246988,26504.45204,2696.428571,14.6875,16.5625
518.3768052,134.7893694,6164.303638,26504.45204,2575.0,14.6875,16.5625
657.8125642,137.7863167,8904.407163,27788.01609,3425.0,14.6875,14.6875
635.5754073,137.7863167,8286.17205,27788.01609,3303.571429,14.6875,14.6875
610.5159777,137.7863167,7711.918882,27788.01609,3182.142857,14.6875,14.6875
587.3394232,137.7863167,7071.249572,27788.01609,3060.714286,14.6875,14.6875
503.7373747,155.8650042,7313.211948,34714.82646,2500.0,10.0,10.0
551.6023682,155.8650042,8825.514148,34714.82646,2750.0,10.0,10.0
601.3563248,155.8650042,10524.27363,34714.82646,3000.0,10.0,10.0
652.2670799,155.8650042,12418.76201,34714.82646,3250.0,10.0,10.0
701.7506793,155.8650042,14271.51916,34714.82646,3500.0,10.0,10.0
525.220506,144.8624442,7653.516849,31453.78437,2500.0,10.0,13.75
574.8653912,144.8624442,9101.417774,31453.78437,2750.0,10.0,13.75
627.7650503,144.8624442,10953.7776,31453.78437,3000.0,10.0,13.75
680.1888844,144.8624442,12968.55523,31453.78437,3250.0,10.0,13.75
730.0174836,144.8624442,14900.75078,31453.78437,3500.0,10.0,13.75
559.0813988,137.9667214,7826.761894,29272.22167,2500.0,10.0,17.5
614.1390952,137.9667214,9656.312558,29272.22167,2750.0,10.0,17.5
667.6622712,137.9667214,11268.2082,29272.22167,3000.0,10.0,17.5
725.2771136,137.9667214,13368.0564,29272.22167,3250.0,10.0,17.5
780.2706194,137.9667214,15393.46587,29272.22167,3500.0,10.0,17.5
547.0067722,133.3890654,7060.011719,28666.35305,2500.0,10.0,21.25
600.0358681,133.3890654,8515.013235,28666.35305,2750.0,10.0,21.25
654.6826959,133.3890654,10170.86299,28666.35305,3000.0,10.0,21.25
707.8376969,133.3890654,11887.80962,28666.35305,3250.0,10.0,21.25
755.2453818,133.3890654,13881.16933,28666.35305,3500.0,10.0,21.25
522.7908613,129.6952859,5431.029112,27542.61156,2500.0,10.0,25.0
573.0674471,129.6952859,6503.724192,27542.61156,2750.0,10.0,25.0
626.5268722,129.6952859,7808.76341,27542.61156,3000.0,10.0,25.0
679.2426039,129.6952859,8915.800004,27542.61156,3250.0,10.0,25.0
732.3911854,129.6952859,10594.29596,27542.61156,3500.0,10.0,25.0
463.155663,150.256433,4841.364389,33066.57054,2500.0,13.75,10.0
511.1415233,150.256433,5893.357606,33066.57054,2750.0,13.75,10.0
556.6985335,150.256433,6966.4224,33066.57054,3000.0,13.75,10.0
602.5809892,150.256433,8103.914335,33066.57054,3250.0,13.75,10.0
648.0233336,150.256433,9306.984647,33066.57054,3500.0,13.75,10.0
468.8848261,140.6582638,4909.105216,28966.09774,2500.0,13.75,13.75
521.0544398,140.6582638,5887.202639,28966.09774,2750.0,13.75,13.75
567.7728198,140.6582638,7027.010922,28966.09774,3000.0,13.75,13.75
614.0060918,140.6582638,8214.04431,28966.09774,3250.0,13.75,13.75
658.5655262,140.6582638,9519.490613,28966.09774,3500.0,13.75,13.75
516.6379371,134.1496085,6158.111416,26444.10148,2500.0,13.75,17.5
576.2341365,134.1496085,7566.427589,26444.10148,2750.0,13.75,17.5
624.0380252,134.1496085,8851.017549,26444.10148,3000.0,13.75,17.5
674.7563178,134.1496085,10575.90402,26444.10148,3250.0,13.75,17.5
730.7536887,134.1496085,12230.94409,26444.10148,3500.0,13.75,17.5
519.9936598,129.5313538,6136.799557,25643.00764,2500.0,13.75,21.25
574.3660199,129.5313538,7324.652072,25643.00764,2750.0,13.75,21.25
621.8815351,129.5313538,8849.589533,25643.00764,3000.0,13.75,21.25
672.7052413,129.5313538,10167.10319,25643.00764,3250.0,13.75,21.25
725.8724085,129.5313538,11867.48154,25643.00764,3500.0,13.75,21.25
531.7354011,126.129981,5922.483364,24267.24485,2500.0,13.75,25.0
586.7006845,126.129981,7196.417211,24267.24485,2750.0,13.75,25.0
639.710445,126.129981,8571.564774,24267.24485,3000.0,13.75,25.0
693.2182259,126.129981,10000.62034,24267.24485,3250.0,13.75,25.0
743.9216964,126.129981,11981.53275,24267.24485,3500.0,13.75,25.0
446.5431083,146.5901373,4374.088153,32382.17106,2500.0,17.5,10.0
495.8041903,146.5901373,5442.356304,32382.17106,2750.0,17.5,10.0
535.0109287,146.5901373,6168.218322,32382.17106,3000.0,17.5,10.0
581.4601756,146.5901373,7454.012205,32382.17106,3250.0,17.5,10.0
624.7773027,146.5901373,8467.105935,32382.17106,3500.0,17.5,10.0
449.1175644,137.2408541,4291.129548,28045.26866,2500.0,17.5,13.75
493.6428659,137.2408541,5173.534204,28045.26866,2750.0,17.5,13.75
540.1308881,137.2408541,6264.801481,28045.26866,3000.0,17.5,13.75
585.1038619,137.2408541,7416.043804,28045.26866,3250.0,17.5,13.75
625.421305,137.2408541,8410.521067,28045.26866,3500.0,17.5,13.75
486.6887433,131.0008454,4788.425742,24876.04477,2500.0,17.5,17.5
536.6999707,131.0008454,5872.996055,24876.04477,2750.0,17.5,17.5
584.6592128,131.0008454,6968.061703,24876.04477,3000.0,17.5,17.5
634.2432373,131.0008454,8152.695235,24876.04477,3250.0,17.5,17.5
681.3536914,131.0008454,9454.517355,24876.04477,3500.0,17.5,17.5
498.5193727,126.815688,5114.224716,24024.42847,2500.0,17.5,21.25
549.0429038,126.815688,6155.894026,24024.42847,2750.0,17.5,21.25
600.1565565,126.815688,7410.499495,24024.42847,3000.0,17.5,21.25
649.9027825,126.815688,8665.970344,24024.42847,3250.0,17.5,21.25
699.0091233,126.815688,10030.04796,24024.42847,3500.0,17.5,21.25
499.8613769,123.6691657,3957.100338,22375.01393,2500.0,17.5,25.0
550.0059172,123.6691657,4766.874942,22375.01393,2750.0,17.5,25.0
601.4656242,123.6691657,5761.309546,22375.01393,3000.0,17.5,25.0
649.8484082,123.6691657,6768.433244,22375.01393,3250.0,17.5,25.0
696.5296087,123.6691657,7656.04328,22375.01393,3500.0,17.5,25.0
427.3892603,143.5558166,3893.865963,32221.79203,2500.0,21.25,10.0
470.5052013,143.5558166,4714.173255,32221.79203,2750.0,21.25,10.0
512.1877403,143.5558166,5615.673216,32221.79203,3000.0,21.25,10.0
555.670812,143.5558166,6532.494442,32221.79203,3250.0,21.25,10.0
600.2698683,143.5558166,7632.115341,32221.79203,3500.0,21.25,10.0
433.4047262,134.9471071,3804.145017,27044.46167,2500.0,21.25,13.75
473.0459012,134.9471071,4599.84066,27044.46167,2750.0,21.25,13.75
519.6670727,134.9471071,5558.053172,27044.46167,3000.0,21.25,13.75
562.6095758,134.9471071,6551.595655,27044.46167,3250.0,21.25,13.75
604.9150137,134.9471071,7729.510961,27044.46167,3500.0,21.25,13.75
457.2678966,128.6388998,4492.079272,24317.50748,2500.0,21.25,17.5
503.0227278,128.6388998,5371.387069,24317.50748,2750.0,21.25,17.5
547.5581678,128.6388998,6451.870161,24317.50748,3000.0,21.25,17.5
596.243523,128.6388998,7589.939249,24317.50748,3250.0,21.25,17.5
641.1693624,128.6388998,8879.467565,24317.50748,3500.0,21.25,17.5
459.38349,124.8258542,4406.286264,23121.19334,2500.0,21.25,21.25
508.0653716,124.8258542,5431.1717,23121.19334,2750.0,21.25,21.25
551.1394595,124.8258542,6354.881549,23121.19334,3000.0,21.25,21.25
596.9123408,124.8258542,7582.246074,23121.19334,3250.0,21.25,21.25
644.2438347,124.8258542,8783.71704,23121.19334,3500.0,21.25,21.25
500.7408919,121.8210483,4409.616993,21473.49549,2500.0,21.25,25.0
547.2280361,121.8210483,5311.760669,21473.49549,2750.0,21.25,25.0
606.9251389,121.8210483,6334.810226,21473.49549,3000.0,21.25,25.0
647.3203908,121.8210483,7462.60955,21473.49549,3250.0,21.25,25.0
701.7638907,121.8210483,8685.404481,21473.49549,3500.0,21.25,25.0
418.5867582,141.0263122,3723.793202,32006.19475,2500.0,25.0,10.0
455.6874477,141.0263122,4473.570118,32006.19475,2750.0,25.0,10.0
503.5189358,141.0263122,5381.514109,32006.19475,3000.0,25.0,10.0
544.9786367,141.0263122,6418.430368,32006.19475,3250.0,25.0,10.0
586.4514832,141.0263122,7375.807311,32006.19475,3500.0,25.0,10.0
424.0618224,132.5473496,3789.331973,27180.73782,2500.0,25.0,13.75
463.5288445,132.5473496,4448.73525,27180.73782,2750.0,25.0,13.75
508.7481185,132.5473496,5472.480022,27180.73782,3000.0,25.0,13.75
552.4883267,132.5473496,6373.265955,27180.73782,3250.0,25.0,13.75
594.1758742,132.5473496,7402.02575,27180.73782,3500.0,25.0,13.75
444.2150525,127.0233504,3949.254859,23824.29861,2500.0,25.0,17.5
482.7431757,127.0233504,4835.325268,23824.29861,2750.0,25.0,17.5
525.0003906,127.0233504,5622.55049,23824.29861,3000.0,25.0,17.5
568.5156881,127.0233504,6518.284146,23824.29861,3250.0,25.0,17.5
619.6040405,127.0233504,7617.877449,23824.29861,3500.0,25.0,17.5
444.3406388,123.0357267,3836.681728,22616.07336,2500.0,25.0,21.25
488.71823,123.0357267,4568.606421,22616.07336,2750.0,25.0,21.25
532.6374354,123.0357267,5563.907319,22616.07336,3000.0,25.0,21.25
577.9971943,123.0357267,6447.01168,22616.07336,3250.0,25.0,21.25
619.564334,123.0357267,7395.85716,22616.07336,3500.0,25.0,21.25
488.05179,120.0991247,4582.115788,20791.94482,2500.0,25.0,25.0
535.8316434,120.0991247,5320.370044,20791.94482,2750.0,25.0,25.0
586.1847936,120.0991247,6463.870239,20791.94482,3000.0,25.0,25.0
628.5474304,120.0991247,7659.960121,20791.94482,3250.0,25.0,25.0
683.1364962,120.0991247,8770.321051,20791.94482,3500.0,25.0,25.0
580.9302612,126.8439346,7207.453863,23947.01543,2732.308091,14.0,24.0
596.8564897,126.4998872,7348.323558,25078.11766,2705.941042,14.0,24.2
521.4202003,126.5956115,4245.245997,24215.62345,2557.22465,14.0,24.4
546.3475684,125.8616938,5996.641752,23930.84097,2580.078405,14.0,24.6
564.9340638,126.0489433,6473.738204,24718.2429,2592.706951,14.0,24.8
637.308904,126.0291899,8495.645561,23985.54522,2994.694266,14.0,25.0
623.3070752,126.1314067,7967.153393,23734.29443,2907.702859,14.4,24.0
562.7089632,126.5292222,7309.60578,24846.74663,2507.86992,14.4,24.2
565.1311434,126.3087104,5494.931475,23879.52068,2713.597736,14.4,24.4
616.8030688,125.5978209,7541.497512,23725.72287,2920.232022,14.4,24.6
588.4415116,125.4654785,6251.638837,24516.7204,2785.958241,14.4,24.8
608.3429745,125.5360058,7758.231557,23797.84004,2851.919616,14.4,25.0
587.585122,126.3049127,6905.236163,23470.34525,2745.989998,14.8,24.0
666.415745,125.9499956,9391.203086,24579.8111,2962.014317,14.8,24.2
576.6479901,125.5462661,5622.914199,23692.81533,2765.65408,14.8,24.4
561.0977833,125.4954287,6021.154112,23531.05837,2683.498447,14.8,24.6
585.6397256,125.3078026,7376.596937,24388.65064,2667.291082,14.8,24.8
581.5752558,125.0879901,7465.985483,23635.90696,2753.952606,14.8,25.0
605.6825789,126.3578997,7361.004897,23196.75728,2837.028803,15.2,24.0
604.5373456,125.4501552,7588.142102,24248.33524,2732.577799,15.2,24.2
518.8463284,125.5736293,1779.77746,23475.55083,2590.794467,15.2,24.4
607.3321889,125.4479592,7464.101213,23323.26052,2939.987932,15.2,24.6
555.4057928,125.419705,2739.792211,24231.18356,2708.166805,15.2,24.8
529.317737,124.9409549,5934.132579,23486.07228,2512.072314,15.2,25.0
627.3880825,125.789726,8013.457847,23137.14839,2967.136024,15.6,24.0
602.0267033,125.4138901,7593.779948,24151.60675,2736.14184,15.6,24.2
521.42061,125.3457331,5645.667638,23319.31312,2514.656733,15.6,24.4
522.7557207,125.141132,5051.585879,23108.56448,2511.952189,15.6,24.6
581.6994605,124.9137131,6596.713483,24001.10292,2661.656405,15.6,24.8
549.9443241,124.6565202,5575.170379,23159.31133,2691.004348,15.6,25.0
602.5581233,125.4028773,6605.008473,22881.43948,2908.258883,16.0,24.0
586.7850223,125.0977055,5988.395464,23961.22817,2811.571245,16.0,24.2
552.6312649,125.3623889,6386.202289,23225.11478,2627.781929,16.0,24.4
615.7288344,124.9018127,7455.08174,22836.43806,2956.784454,16.0,24.6
612.4470723,124.5365806,7773.527558,23670.18819,2764.067868,16.0,24.8
601.3507297,124.5118378,7459.97802,22986.06057,2860.031498,16.0,25.0
621.5085767,125.111039,8385.6882,23499.4136,2965.311409,15.3,24.99
580.8964392,124.9133203,6989.330885,24052.15303,2748.852397,15.3,24.90833333
534.9539078,124.8433778,5071.344216,24132.89107,2533.832512,15.3,24.82666667
577.1792416,125.2008132,6642.380636,23889.44688,2642.570947,15.3,24.745
543.3829122,125.0900957,5638.856188,23505.39559,2541.064483,15.3,24.66333333
577.0802398,125.2561947,6483.586598,23108.15672,2741.137409,15.3,24.58166667
548.0952735,124.9659009,5494.68167,22944.20081,2735.313056,15.3,24.5
633.5007123,125.2072648,8716.955535,23460.61734,2996.747488,15.13333333,24.99
551.6128618,125.1254163,6633.021222,24250.80785,2508.216181,15.13333333,24.90833333
549.1501654,125.3062435,6378.116274,24333.7342,2550.26823,15.13333333,24.82666667
554.7108209,125.5356245,5893.306786,24063.341,2604.915436,15.13333333,24.745
630.7497411,125.281996,8042.586171,23755.81374,2948.117154,15.13333333,24.66333333
561.8526334,125.5689835,6368.18303,23285.37917,2696.154313,15.13333333,24.58166667
577.1057514,125.6568064,6852.960529,23221.37274,2780.63324,15.13333333,24.5
516.9573408,125.1595679,2934.012904,23545.19172,2560.505573,14.96666667,24.99
562.7443397,125.0017516,6533.704447,24121.29492,2609.475066,14.96666667,24.90833333
650.5779921,125.2311052,9112.039801,24146.60378,2848.719223,14.96666667,24.82666667
638.9274298,125.1988753,8084.4835,23960.03092,2897.499513,14.96666667,24.745
520.6362265,125.3210725,4645.79775,23595.90217,2534.841519,14.96666667,24.66333333
576.030287,125.574774,6319.481674,23204.08366,2810.793326,14.96666667,24.58166667
597.2865903,125.7180835,7345.795495,23010.60648,2829.942041,14.96666667,24.5
586.1739581,125.3424601,7373.764148,23709.76605,2731.201798,14.8,24.99
547.8907781,124.9214989,6597.494461,24320.95646,2504.814199,14.8,24.90833333
531.7969461,124.984381,5453.019395,24427.92231,2530.403378,14.8,24.82666667
649.6683016,125.3193642,8644.507268,24247.41922,2980.528729,14.8,24.745
588.2223808,125.7155097,6923.032513,23882.62866,2754.842514,14.8,24.66333333
595.6420538,125.4958489,6955.663343,23456.72959,2810.587466,14.8,24.58166667
599.8681777,125.2658058,7203.565435,23316.67998,2859.171076,14.8,24.5
571.4652107,125.6332551,6533.284204,23784.64365,2713.909316,14.63333333,24.99
610.4834513,125.5154221,7480.904987,24525.08753,2825.64599,14.63333333,24.90833333
627.4982013,125.6356738,8654.052375,24587.11249,2835.312874,14.63333333,24.82666667
606.1274605,125.921668,7106.029637,24379.83283,2797.116596,14.63333333,24.745
604.752324,125.5934605,7655.086695,24011.45884,2855.345117,14.63333333,24.66333333
615.2120563,125.9409386,7679.538868,23528.27161,2917.13432,14.63333333,24.58166667
564.6137057,125.8309562,6738.670087,23383.28454,2694.940194,14.63333333,24.5
587.3642609,125.5294483,7118.687714,23864.38221,2758.155377,14.46666667,24.99
607.0985721,125.4730035,7412.06217,24356.93566,2873.687258,14.46666667,24.90833333
651.0621946,125.0963162,8912.817067,24401.0075,2884.185178,14.46666667,24.82666667
639.2660675,125.5811542,8423.324763,24232.06306,2898.306706,14.46666667,24.745
625.0422357,125.4223515,7578.456973,23761.60621,2874.706062,14.46666667,24.66333333
624.2369738,125.3886211,7592.9169,23381.99548,2945.408467,14.46666667,24.58166667
624.2369738,125.3886211,7592.9169,23381.99548,2945.408467,14.46666667,24.58166667
527.4581753,125.8827923,5696.37844,24010.80557,2500.945066,14.3,24.99
608.610159,125.8495184,8125.616643,24698.65811,2795.861109,14.3,24.90833333
604.6455164,125.7164999,7721.257851,24815.49985,2755.352347,14.3,24.82666667
614.9538298,126.4333837,7174.026353,24663.92111,2863.380382,14.3,24.745
640.660829,126.1631639,8112.651139,24294.88856,2995.172696,14.3,24.66333333
520.7452117,125.8968404,4846.338678,23836.99837,2576.592882,14.3,24.58166667
536.5480083,126.0488999,6297.800023,23684.02186,2597.762131,14.3,24.5
